{"stats":{"minecraft:mined":{"minecraft:spruce_log":8,"minecraft:crafting_table":2,"minecraft:short_grass":3,"minecraft:oak_log":6,"minecraft:chest":1,"minecraft:spruce_leaves":2,"minecraft:stone":8},"minecraft:custom":{"minecraft:time_since_rest":51,"minecraft:sprint_one_cm":16778,"minecraft:damage_taken":526,"minecraft:walk_one_cm":19384,"minecraft:mob_kills":2,"minecraft:damage_dealt":400,"minecraft:interact_with_crafting_table":2,"minecraft:swim_one_cm":4953,"minecraft:fly_one_cm":42172,"minecraft:crouch_one_cm":346,"minecraft:play_time":58242,"minecraft:deaths":2,"minecraft:sneak_time":504,"minecraft:walk_under_water_one_cm":1312,"minecraft:boat_one_cm":337371,"minecraft:jump":204,"minecraft:leave_game":3,"minecraft:time_since_death":0,"minecraft:walk_on_water_one_cm":2920,"minecraft:total_world_time":58242,"minecraft:fall_one_cm":8863},"minecraft:used":{"minecraft:spruce_boat":8,"minecraft:wooden_axe":22,"minecraft:wooden_pickaxe":8,"minecraft:cobblestone":8,"minecraft:crafting_table":2,"minecraft:potato":1},"minecraft:picked_up":{"minecraft:stick":2,"minecraft:crafting_table":2,"minecraft:golden_leggings":1,"minecraft:potato":1,"minecraft:fire_charge":2,"minecraft:oak_log":6,"minecraft:spruce_sapling":1,"minecraft:spruce_log":8,"minecraft:rotten_flesh":2,"minecraft:spruce_boat":5,"minecraft:gold_nugget":15,"minecraft:wheat_seeds":1,"minecraft:chest":1,"minecraft:cobblestone":8},"minecraft:crafted":{"minecraft:crafting_table":1,"minecraft:spruce_planks":32,"minecraft:stick":4,"minecraft:wooden_pickaxe":1,"minecraft:wooden_axe":1,"minecraft:spruce_boat":4},"minecraft:killed":{"minecraft:zombie":2},"minecraft:killed_by":{"minecraft:zombie_villager":1,"minecraft:skeleton":1}},"DataVersion":3953}