{"stats":{"minecraft:mined":{"minecraft:short_grass":3,"minecraft:stone":7,"minecraft:spruce_leaves":2,"minecraft:spruce_log":8,"minecraft:crafting_table":2},"minecraft:custom":{"minecraft:time_since_rest":11893,"minecraft:crouch_one_cm":229,"minecraft:sprint_one_cm":5512,"minecraft:play_time":11893,"minecraft:damage_taken":70,"minecraft:walk_one_cm":12474,"minecraft:sneak_time":453,"minecraft:walk_under_water_one_cm":223,"minecraft:mob_kills":1,"minecraft:boat_one_cm":130230,"minecraft:jump":70,"minecraft:damage_dealt":200,"minecraft:walk_on_water_one_cm":222,"minecraft:leave_game":2,"minecraft:time_since_death":11893,"minecraft:total_world_time":11893,"minecraft:interact_with_crafting_table":2,"minecraft:fall_one_cm":4149,"minecraft:fly_one_cm":8631},"minecraft:used":{"minecraft:spruce_boat":3,"minecraft:wooden_axe":12,"minecraft:crafting_table":2,"minecraft:wooden_pickaxe":7,"minecraft:potato":1},"minecraft:picked_up":{"minecraft:stick":2,"minecraft:crafting_table":2,"minecraft:spruce_boat":1,"minecraft:wheat_seeds":1,"minecraft:potato":1,"minecraft:spruce_sapling":1,"minecraft:spruce_log":8,"minecraft:cobblestone":7},"minecraft:crafted":{"minecraft:spruce_boat":4,"minecraft:crafting_table":1,"minecraft:spruce_planks":32,"minecraft:stick":4,"minecraft:wooden_pickaxe":1,"minecraft:wooden_axe":1},"minecraft:killed":{"minecraft:zombie":1}},"DataVersion":3953}